label,row,col,layer
48,1,1,1
46,1,2,1
45,1,3,1
38,1,4,1
85,2,1,1
75,2,2,1
65,2,3,1
86,2,4,1
84,3,1,1
74,3,2,1
64,3,3,1
83,3,4,1
41,4,1,1
43,4,2,1
44,4,3,1
31,4,4,1
37,1,1,2
28,1,2,2
36,1,3,2
27,1,4,2
76,2,1,2
87,2,2,2
77,2,3,2
66,2,4,2
73,3,1,2
82,3,2,2
72,3,3,2
63,3,4,2
32,4,1,2
21,4,2,2
33,4,3,2
22,4,4,2
17,1,1,3
26,1,2,3
16,1,3,3
35,1,4,3
78,2,1,3
67,2,2,3
68,2,3,3
55,2,4,3
71,3,1,3
62,3,2,3
61,3,3,3
54,3,4,3
12,4,1,3
23,4,2,3
13,4,3,3
34,4,4,3
25,1,1,4
56,2,1,4
58,2,2,4
57,2,3,4
47,2,4,4
53,3,1,4
51,3,2,4
52,3,3,4
42,3,4,4
24,4,1,4
14,4,2,4
